,Cor,Bias,MAE,MSE,RMSE
z,0.9593441248547445,-0.1657140999265748,0.25701277677466927,0.10334212193038836,0.32146869510169784
a,-0.15664222915680864,-0.2653123166365968,1.0596002925780916,2.0170082558926556,1.4202141584608483
b,0.7187430519736548,0.24270289513456886,0.6793809918807001,0.7321647198356761,0.8556662432488944
