,Cor,Bias,MAE,MSE,RMSE
z,0.957527877977194,-0.025504670662506185,0.2235056695266538,0.07676649843004624,0.2770676784290189
a,0.6108393374363228,0.03545890388850895,0.3517484815172478,0.1800893095826953,0.42436930801213146
b,0.7774957142453576,0.26520039995996225,0.5015436445974664,0.5226648843991867,0.722955658667381
