,Cor,Bias,MAE,MSE,RMSE
z,0.9505415356762592,-0.09207346133671578,0.24946820347750667,0.0974124529304614,0.31210968093037644
a,0.6345119684720835,0.08164916597768193,0.3357745732795146,0.17887026905260628,0.4229305723787372
b,0.8166252859054822,0.16838042150425978,0.42570048816325373,0.4086740982181359,0.6392762299805428
