,Cor,Bias,MAE,MSE,RMSE
z,0.9523729081535749,-0.08492506317578133,0.2365689398705694,0.09066805209412726,0.30111136161581026
a,-0.09870000570205917,0.14265689279103802,0.8747357181017457,1.1493849347219283,1.0720937154567824
b,0.7873067173195971,0.4312508817562268,0.6332629052141399,0.6496436329191957,0.8060047350476272
