,Cor,Bias,MAE,MSE,RMSE
z,0.9696682751603068,0.065389887479658,0.1942969352674816,0.06288422472019096,0.2507672720276531
a,0.9693048608961292,-0.0011392331345436415,0.1059849437297112,0.01935131594243543,0.1391090074094249
b,0.9701440285486784,0.03495431005302378,0.13387649591747472,0.04562163848603568,0.2135922247789832
p,0.978629936849873,0.0048895032037310025,0.04030395948765929,0.0030141813428846754,0.05490156047768292
