,Cor,Bias,MAE,MSE,RMSE
z,0.9701040457042632,0.07338835826289164,0.1996520714632938,0.06416202463404728,0.2533022396941
a,0.9560432779623739,0.00048489450843226844,0.13100769349679156,0.027454488770007716,0.1656939611754385
b,0.9695124424795956,-0.008232773908004413,0.13077548622605178,0.04701213615651673,0.21682282203798736
p,0.9758048193343621,0.01455802550397042,0.04475056424074706,0.0036138770447864,0.06011553081181601
