,Cor,Bias,MAE,MSE,RMSE
z,0.9704548662651341,0.08663336601626383,0.20355888934956945,0.0666509330469151,0.2581684199256662
a,0.9658709476981807,-0.014801686295889228,0.11685450695956505,0.021738689149528007,0.1474404596761961
b,0.9704855523723147,0.05761196380449643,0.14287136883736815,0.04759086910833425,0.2181533156024319
p,0.9782237814677849,0.003820909522900847,0.04169088263731623,0.0031812251897935925,0.05640235092435059
