,Cor,Bias,MAE,MSE,RMSE
z,0.9691749006391549,-0.004926123710756436,0.2075950676010219,0.06569529660411541,0.25631093734781474
a,0.9592446502376738,0.0010400764256493142,0.12291958583850143,0.025608960317523705,0.16002799854251662
b,0.9734071296086182,-0.004119553199973617,0.12333328206871058,0.03992158318836614,0.1998038617954271
p,0.9754278173835327,-0.002085347750791842,0.044618504241035375,0.003577273947073123,0.0598103163933541
